rank,accession,mutation,organism,gh_family,foldx_score,docking_score,ml_score,integrated_score
19,O69231,DA234G,Paenibacillus barcinonensis,GH10,0.9249516666666668,1.0,,0.8624758333333333
23,O30700,NA111D,Bacillus sp. NG-27,GH10,0.9270933333333332,0.0,0.97,0.6575466666666666
31,Q7SI98,AA84V,Streptomyces olivaceoviridis (Streptomyces corchorusii),GH10,0.8896666666666667,1.0,0.97,0.9388333333333334
63,Q59922,SA53P,Streptomyces halstedii,GH10,0.7677533333333333,1.0,0.97,0.8778766666666666
67,Q59962,AB57G,Streptomyces sp. S38,GH11,0.7560600000000001,1.0,0.97,0.8720300000000001
76,B9MMA5,KA171R,Caldicellulosiruptor bescii (strain ATCC BAA-1888 / DSM 6725 / KCTC 15123 / Z-1320) (Anaerocellum thermophilum),GH10,0.7366116666666667,1.0,0.97,0.8623058333333333
77,D5UH90,AA290P,Cellulomonas flavigena (strain ATCC 482 / DSM 20109 / BCRC 11376 / JCM 18109 / NBRC 3775 / NCIMB 8073 / NRS 134),GH10,0.7344866666666666,1.0,0.97,0.8612433333333334
79,Q8GMV7,HA90Y,Thermopolyspora flexuosa,GH11,0.7310983333333333,1.0,0.97,0.8595491666666666
84,P07986,AA292P,Cellulomonas fimi,GH10,0.7209433333333334,1.0,0.97,0.8544716666666667
119,Q9HFH0,SA208A,Talaromyces funiculosus (Fruitlet core rot fungus) (Penicillium funiculosum),GH11,0.6246113333333333,1.0,0.97,0.8063056666666666
