analysis,model,folds,balanced_accuracy_mean,balanced_accuracy_sd,f1_macro_mean,f1_macro_sd,pr_auc_stabilising_mean,pr_auc_stabilising_sd,roc_auc_mean,roc_auc_sd,accuracy_mean,accuracy_sd
mutation_stability_classifier_strict_neutral_excluded,random_forest,5,0.6737531135983416,0.019791295082171714,0.6927114866558429,0.018384340667063372,0.6624172131933876,0.07146515796105347,0.8401369329087773,0.00936114173891293,0.7966634873533984,0.018497115420652174
mutation_stability_classifier_strict_neutral_excluded,logistic_regression,5,0.6122530371324857,0.02746726953762505,0.5734228240881096,0.025881574434058183,0.4316727046488542,0.06460859630988561,0.6671751359538789,0.03761675110367171,0.6093807404267345,0.03275620906303482
mutation_stability_classifier_strict_neutral_excluded,dummy_most_frequent,5,0.5,0.0,0.42256178016443685,0.012518233675523056,0.2675621732372474,0.03752877850673877,0.5,0.0,0.7324378267627526,0.03752877850673876
