protein,mutation,organism_type,gh_family,temperature_K,wt_rg_mean_nm,mut_rg_mean_nm,delta_mut_minus_wt_rg_mean_nm
B0ZSE5,NA65G,bacterial,GH11,333,2.098687672327672,2.4498418981018983,0.3511542257742261
B0ZSE5,NA65G,bacterial,GH11,373,2.2767985014985013,2.1465896703296705,-0.1302088311688307
D5UGW9,LA23A,bacterial,GH10,333,2.267576423576424,2.281292937062937,0.0137165134865133
D5UGW9,LA23A,bacterial,GH10,373,2.0523570029970037,2.1624702997003,0.1101132967032967
E3WF08,YA25F,bacterial,GH10,333,2.0977968131868137,2.074062897102897,-0.0237339160839167
E3WF08,YA25F,bacterial,GH10,373,2.102765984015984,2.1073505094905096,0.0045845254745255
Q60041,NA33G,bacterial,GH10,333,2.094093006993007,2.143184915084915,0.0490919080919081
Q60041,NA33G,bacterial,GH10,373,2.2049709990009987,2.1572379820179823,-0.0477330169830163
Q9HEN6,YA14P,fungal,GH11,333,1.4023525474525471,1.4153541958041955,0.0130016483516484
Q9HEN6,YA14P,fungal,GH11,373,1.434796043956044,1.4392751548451548,0.0044791108891106
Q9HGX1,DA11K,fungal,GH10,333,1.9854111588411587,1.9525556143856144,-0.0328555444555442
Q9HGX1,DA11K,fungal,GH10,373,2.036927852147852,2.00227998001998,-0.0346478721278722
