protein,mutation,organism_type,gh_family,temperature_K,wt_rmsd_mean_nm,mut_rmsd_mean_nm,delta_mut_minus_wt_rmsd_mean_nm
B0ZSE5,NA65G,bacterial,GH11,333,1.588079992807193,1.377648775924076,-0.210431216883117
B0ZSE5,NA65G,bacterial,GH11,373,1.565974978121878,1.8764616755244756,0.3104866974025972
D5UGW9,LA23A,bacterial,GH10,333,1.1554440465534466,1.220983406993007,0.0655393604395604
D5UGW9,LA23A,bacterial,GH10,373,1.0256937975024976,0.8211338698301698,-0.2045599276723277
E3WF08,YA25F,bacterial,GH10,333,0.4286407916083916,0.3324497478521478,-0.0961910437562437
E3WF08,YA25F,bacterial,GH10,373,0.3463636929070929,0.3260552216783217,-0.0203084712287712
Q60041,NA33G,bacterial,GH10,333,0.6063241052947053,0.6942658553446553,0.08794175004995
Q60041,NA33G,bacterial,GH10,373,0.7948873076923076,0.6613814697302698,-0.1335058379620378
Q9HEN6,YA14P,fungal,GH11,333,0.2869539142857143,0.3363265522477522,0.0493726379620378
Q9HEN6,YA14P,fungal,GH11,373,0.411087193006993,0.4741664402597403,0.0630792472527473
Q9HGX1,DA11K,fungal,GH10,333,0.3472426353646353,0.5033233508491509,0.1560807154845155
Q9HGX1,DA11K,fungal,GH10,373,0.666689901998002,0.4573321967032967,-0.2093577052947053
