organism_type,gh_family,ligand,proteins,comparisons,mean_wt_binding,mean_mut_binding,mean_delta_binding,retained_or_improved,improved,weakened,mean_foldx_ddg,retained_or_improved_fraction
archaea,GH10,xylobiose,1,1,-5.044,-4.876,0.16799999999999926,1,0,0,-4.269,1.0
archaea,GH10,xylotriose,1,1,-7.056,-7.042,0.014000000000000234,1,0,0,-4.269,1.0
bacterial,GH10,xylobiose,67,67,-5.597149253731343,-5.690835820895522,-0.09368656716417914,64,9,3,-1.6638358208955224,0.9552238805970149
bacterial,GH10,xylotriose,67,67,-7.238910447761194,-7.378432835820896,-0.1395223880597015,63,8,4,-1.6638358208955224,0.9402985074626866
bacterial,GH11,xylobiose,44,44,-5.956113636363637,-5.963863636363637,-0.007750000000000045,35,9,9,-1.3727045454545455,0.7954545454545454
bacterial,GH11,xylotriose,44,44,-7.596522727272728,-7.702590909090909,-0.10606818181818181,39,7,5,-1.3727045454545455,0.8863636363636364
fungal,GH10,xylobiose,21,21,-5.589142857142857,-5.513142857142857,0.076,19,2,2,-1.7682380952380954,0.9047619047619048
fungal,GH10,xylotriose,21,21,-7.221380952380953,-7.270428571428572,-0.04904761904761897,21,1,0,-1.7682380952380954,1.0
fungal,GH11,xylobiose,17,17,-5.7268823529411765,-5.680764705882353,0.04611764705882352,16,1,1,-1.5397058823529413,0.9411764705882353
fungal,GH11,xylotriose,17,17,-7.674058823529412,-7.441117647058824,0.23294117647058835,13,2,4,-1.5397058823529413,0.7647058823529411
