analysis,model,folds,mae_mean,mae_sd,rmse_mean,rmse_sd,r2_mean,r2_sd
mutation_foldx_ddg_regression,random_forest,5,1.1325396232614335,0.1304911493899265,2.144673316334384,0.49868364328044895,0.4535864549347191,0.0967419025357638
mutation_foldx_ddg_regression,hist_gradient_boosting,5,1.209012432934476,0.12936584626631725,2.267074549758135,0.49318760876636525,0.38630745138683026,0.11617881552640817
mutation_foldx_ddg_regression,ridge,5,1.7108173343553552,0.11134196304309019,2.7702350843767354,0.5067654949591232,0.08647328048152232,0.06366581137472441
mutation_foldx_ddg_regression,dummy_mean,5,1.7740764752658216,0.13148678199664535,2.910058820415153,0.5569662792800271,-0.0028205863978626234,0.0025241025518832104
