analysis,model,folds,mae_mean,mae_sd,rmse_mean,rmse_sd,r2_mean,r2_sd
wt_foldx_energy_per_residue_regression,random_forest,5,0.30378773564372435,0.009492259721995225,0.47196714218791147,0.01811105954815604,0.8340716425930212,0.01476987456361253
wt_foldx_energy_per_residue_regression,hist_gradient_boosting,5,0.31713190643413086,0.023858980374704814,0.4637826227950784,0.03587431515673797,0.8395639413495545,0.02316682298601048
wt_foldx_energy_per_residue_regression,ridge,5,0.4841971442432049,0.01586924062966469,0.6625690222173295,0.03623555591532811,0.6736772747336427,0.025382114059339888
wt_foldx_energy_per_residue_regression,dummy_mean,5,0.9381456202508242,0.03349925687293778,1.163184637483648,0.03544495346712918,-0.004901057940257169,0.005511859109845451
